{
  "description": "Curse of Flight",
  "supported_items": "minecraft:elytra",
  "primary_items": "minecraft:elytra",
  "weight": 1000,
  "max_level": 1,
  "min_cost": {
    "base": 25,
    "per_level_above_first": 0
  },
  "max_cost": {
    "base": 50,
    "per_level_above_first": 0
  },
  "anvil_cost": 0,
  "slots": [
    "chest"
  ],
  "effects": {
    "minecraft:tick": [
      {
        "effect": {
          "type": "minecraft:all_of",
          "effects": [
            {
              "type": "minecraft:ignite",
              "duration": 5
            },
            {
              "type": "minecraft:spawn_particles",
              "particle": {
                "type": "minecraft:small_flame"
              },
              "horizontal_position": {
                "type": "entity_position"
              },
              "vertical_position": {
                "type": "entity_position"
              },
              "horizontal_velocity": {
                "base": 0.1
              },
              "vertical_velocity": {
                "base": 0.1
              },
              "speed": 0.01
            }
          ]
        },
        "requirements": {
          "condition": "minecraft:entity_properties",
          "entity": "this",
          "predicate": {
            "location": {
              "dimension": "minecraft:the_nether"
            },
            "periodic_tick": 13
          }
        }
      },
      {
        "effect": {
          "type": "minecraft:all_of",
          "effects": [
            {
              "type": "minecraft:damage_entity",
              "damage_type": "minecraft:magic",
              "min_damage": 2,
              "max_damage": 2
            },
            {
              "type": "minecraft:play_sound",
              "sound": "entity.player.hurt_drown",
              "volume": 1,
              "pitch": 1.3
            }
          ]
        },
        "requirements": {
          "condition": "minecraft:all_of",
          "terms": [
            {
              "condition": "minecraft:entity_properties",
              "entity": "this",
              "predicate": {
                "location": {
                  "can_see_sky": true
                },
                "periodic_tick": 10
              }
            },
            {
              "condition": "minecraft:inverted",
              "term": {
                "condition": "minecraft:entity_properties",
                "entity": "this",
                "predicate": {
                  "location": {
                    "biomes": "#minecraft:snow_golem_melts"
                  }
                }
              }
            },
            {
              "condition": "minecraft:weather_check",
              "raining": true
            }
          ]
        }
      },
      {
        "effect": {
          "type": "minecraft:all_of",
          "effects": [
            {
              "type": "minecraft:damage_entity",
              "damage_type": "minecraft:magic",
              "min_damage": 2,
              "max_damage": 2
            },
            {
              "type": "minecraft:play_sound",
              "sound": "entity.player.hurt_drown",
              "volume": 1,
              "pitch": 1.3
            }
          ]
        },
        "requirements": {
          "condition": "minecraft:entity_properties",
          "entity": "this",
          "predicate": {
            "location": {
              "fluid": {
                "fluids": "#minecraft:water"
              }
            },
            "periodic_tick": 11
          }
        }
      },
      {
        "effect": {
          "type": "minecraft:all_of",
          "effects": [
            {
              "type": "minecraft:apply_mob_effect",
              "to_apply": "minecraft:hunger",
              "min_duration": 3,
              "max_duration": 3,
              "min_amplifier": 9,
              "max_amplifier": 9
            },
            {
              "type": "minecraft:apply_mob_effect",
              "to_apply": "minecraft:slowness",
              "min_duration": 3,
              "max_duration": 3,
              "min_amplifier": 1,
              "max_amplifier": 1
            },
            {
              "type": "minecraft:apply_mob_effect",
              "to_apply": "minecraft:weakness",
              "min_duration": 3,
              "max_duration": 3,
              "min_amplifier": 1,
              "max_amplifier": 1
            }
          ]
        },
        "requirements": {
          "condition": "minecraft:all_of",
          "terms": [
            {
              "condition": "minecraft:entity_properties",
              "entity": "this",
              "predicate": {
                "stepping_on": {
                  "block": {
                    "blocks": "#minecraft:air"
                  }
                },
                "periodic_tick": 12
              }
            },
            {
              "condition": "minecraft:inverted",
              "term": {
                "condition": "minecraft:entity_properties",
                "entity": "this",
                "predicate": {
                  "location": {
                    "dimension": "minecraft:the_end"
                  },
                  "periodic_tick": 12
                }
              }
            }
          ]
        }
      }
    ]
  }
}

